-- ============================================
-- PeakFlow Seed Data
-- Version: 1.0.0
-- Description: Initial seed data for fitness community platform
-- ============================================

-- Note: Run this AFTER the initial schema migration
-- The admin user will be created automatically when you sign up through Supabase Auth
-- This script assumes you've created an admin user and will use their UUID

-- ============================================
-- PLACEHOLDER: Replace with your actual admin user UUID
-- After signing up your admin user in Supabase Auth, run:
-- SELECT id FROM auth.users;
-- Then replace the UUID below
-- ============================================

-- Store the admin user ID as a variable (replace with actual UUID after signup)
-- DO NOT run this file until you have the admin user UUID

-- For now, we'll use a placeholder that you'll need to replace
-- Example: SET admin_user_id = '550e8400-e29b-41d4-a716-446655440000';

-- ============================================
-- SEED COMMUNITIES
-- ============================================

-- These will be inserted after you have an admin user
-- Community IDs are generated by uuid_generate_v4()

-- Community 1: Cubbon Park Morning Runners
INSERT INTO public.communities (
  id, title, description, category, city, member_count, created_by,
  image_url, cover_url, rules, created_at
) VALUES (
  'a0000001-0000-0000-0000-000000000001',
  'Cubbon Park Morning Runners',
  'Daily 5K runs at 6 AM. All fitness levels welcome. We meet at the bandstand and finish with stretches near the library.',
  'RUNNING',
  'Bangalore',
  156,
  'REPLACE_WITH_ADMIN_UUID', -- Replace with your admin user UUID
  'https://images.unsplash.com/photo-1552674605-db6ffd4facb5?w=400',
  'https://images.unsplash.com/photo-1571008887538-b36bb32f4571?w=800',
  ARRAY['Be respectful to all members', 'Arrive 5 minutes before start time', 'No headphones during group runs', 'Support slower runners'],
  '2024-01-01 00:00:00+00'
);

-- Community 2: Indiranagar Calisthenics Crew
INSERT INTO public.communities (
  id, title, description, category, city, member_count, created_by,
  image_url, cover_url, rules, created_at
) VALUES (
  'a0000001-0000-0000-0000-000000000002',
  'Indiranagar Calisthenics Crew',
  'Bodyweight fitness enthusiasts. We train at the outdoor gym near 12th Main. Bring your own mat.',
  'CALISTHENICS',
  'Bangalore',
  89,
  'REPLACE_WITH_ADMIN_UUID',
  'https://images.unsplash.com/photo-1598971639058-fab3c3109a00?w=400',
  'https://images.unsplash.com/photo-1534438327276-14e5300c3a48?w=800',
  ARRAY['Warm up before exercises', 'Clean equipment after use', 'Help beginners with form'],
  '2024-01-15 00:00:00+00'
);

-- Community 3: HSR Weekend Trekkers
INSERT INTO public.communities (
  id, title, description, category, city, member_count, created_by,
  image_url, cover_url, rules, created_at
) VALUES (
  'a0000001-0000-0000-0000-000000000003',
  'HSR Weekend Trekkers',
  'Weekend treks around Bangalore. Nandi Hills, Skandagiri, Savandurga and more. Carpooling available.',
  'TREKKING',
  'Bangalore',
  234,
  'REPLACE_WITH_ADMIN_UUID',
  'https://images.unsplash.com/photo-1551632811-561732d1e306?w=400',
  'https://images.unsplash.com/photo-1464822759023-fed622ff2c3b?w=800',
  ARRAY['Carry enough water', 'No littering on trails', 'Follow trek leader instructions', 'Inform if you need to drop out'],
  '2024-02-01 00:00:00+00'
);

-- Community 4: Koramangala Cycling Club
INSERT INTO public.communities (
  id, title, description, category, city, member_count, created_by,
  image_url, cover_url, rules, created_at
) VALUES (
  'a0000001-0000-0000-0000-000000000004',
  'Koramangala Cycling Club',
  'Road cycling group. Weekend long rides and weekday evening short loops. Minimum requirement: hybrid or road bike.',
  'CYCLING',
  'Bangalore',
  178,
  'REPLACE_WITH_ADMIN_UUID',
  'https://images.unsplash.com/photo-1541625602330-2277a4c46182?w=400',
  'https://images.unsplash.com/photo-1507035895480-2b3156c31fc8?w=800',
  ARRAY['Helmet mandatory', 'Maintain safe distance', 'Signal before turns', 'Carry basic repair kit'],
  '2024-02-15 00:00:00+00'
);

-- Community 5: Ulsoor Lake Kayaking Group
INSERT INTO public.communities (
  id, title, description, category, city, member_count, created_by,
  image_url, cover_url, rules, created_at
) VALUES (
  'a0000001-0000-0000-0000-000000000005',
  'Ulsoor Lake Kayaking Group',
  'Kayaking sessions every Saturday morning. Equipment provided. Beginners welcome.',
  'KAYAKING',
  'Bangalore',
  45,
  'REPLACE_WITH_ADMIN_UUID',
  'https://images.unsplash.com/photo-1544551763-46a013bb70d5?w=400',
  'https://images.unsplash.com/photo-1572552840353-983e4f067e97?w=800',
  ARRAY['Life jacket mandatory', 'No swimming during sessions', 'Follow instructor guidance'],
  '2024-03-01 00:00:00+00'
);

-- Community 6: Whitefield Yoga Circle
INSERT INTO public.communities (
  id, title, description, category, city, member_count, created_by,
  image_url, cover_url, rules, created_at
) VALUES (
  'a0000001-0000-0000-0000-000000000006',
  'Whitefield Yoga Circle',
  'Outdoor yoga sessions in EPIP Zone park. Hatha and Vinyasa flow. Bring your own mat.',
  'YOGA',
  'Bangalore',
  112,
  'REPLACE_WITH_ADMIN_UUID',
  'https://images.unsplash.com/photo-1544367567-0f2fcb009e0b?w=400',
  'https://images.unsplash.com/photo-1506126613408-eca07ce68773?w=800',
  ARRAY['Arrive 10 minutes early', 'Maintain silence during practice', 'Bring your own mat and water'],
  '2024-03-15 00:00:00+00'
);

-- ============================================
-- SEED EVENTS
-- ============================================

INSERT INTO public.events (
  id, community_id, title, description, category, date, time, end_time,
  location, latitude, longitude, image_url, max_participants, current_participants,
  is_free, price, created_at
) VALUES (
  'b0000001-0000-0000-0000-000000000001',
  'a0000001-0000-0000-0000-000000000001',
  'Sunday Long Run - 10K',
  'Weekly long run. We''ll do 2 loops of the park. Water available at midpoint.',
  'RUNNING',
  '2025-01-12',
  '06:00 AM',
  '08:00 AM',
  'Cubbon Park Bandstand, MG Road',
  12.9763,
  77.5929,
  'https://images.unsplash.com/photo-1571008887538-b36bb32f4571?w=600',
  50,
  32,
  TRUE,
  NULL,
  '2024-12-01 00:00:00+00'
);

INSERT INTO public.events (
  id, community_id, title, description, category, date, time, end_time,
  location, latitude, longitude, image_url, max_participants, current_participants,
  is_free, price, created_at
) VALUES (
  'b0000001-0000-0000-0000-000000000002',
  'a0000001-0000-0000-0000-000000000001',
  'Weekday Easy Run - 5K',
  'Easy pace run. Perfect for beginners or recovery day.',
  'RUNNING',
  '2025-01-14',
  '06:00 AM',
  '07:00 AM',
  'Cubbon Park Bandstand, MG Road',
  12.9763,
  77.5929,
  NULL,
  40,
  18,
  TRUE,
  NULL,
  '2024-12-02 00:00:00+00'
);

INSERT INTO public.events (
  id, community_id, title, description, category, date, time, end_time,
  location, latitude, longitude, image_url, max_participants, current_participants,
  is_free, price, created_at
) VALUES (
  'b0000001-0000-0000-0000-000000000003',
  'a0000001-0000-0000-0000-000000000002',
  'Pull-up Challenge Session',
  'Monthly pull-up challenge. Categories for beginners and advanced.',
  'CALISTHENICS',
  '2025-01-13',
  '07:00 AM',
  '09:00 AM',
  'Outdoor Gym, 12th Main Indiranagar',
  12.9784,
  77.6408,
  'https://images.unsplash.com/photo-1598971639058-fab3c3109a00?w=600',
  30,
  24,
  TRUE,
  NULL,
  '2024-12-03 00:00:00+00'
);

INSERT INTO public.events (
  id, community_id, title, description, category, date, time, end_time,
  location, latitude, longitude, image_url, max_participants, current_participants,
  is_free, price, created_at
) VALUES (
  'b0000001-0000-0000-0000-000000000004',
  'a0000001-0000-0000-0000-000000000002',
  'Core & Mobility Workshop',
  'Focus on core strength and flexibility. Instructor-led session.',
  'CALISTHENICS',
  '2025-01-15',
  '06:30 AM',
  '08:00 AM',
  'Outdoor Gym, 12th Main Indiranagar',
  12.9784,
  77.6408,
  NULL,
  25,
  12,
  TRUE,
  NULL,
  '2024-12-04 00:00:00+00'
);

INSERT INTO public.events (
  id, community_id, title, description, category, date, time, end_time,
  location, latitude, longitude, image_url, max_participants, current_participants,
  is_free, price, created_at
) VALUES (
  'b0000001-0000-0000-0000-000000000005',
  'a0000001-0000-0000-0000-000000000003',
  'Skandagiri Night Trek',
  'Night trek to catch sunrise at summit. Moderate difficulty. Headlamp required.',
  'TREKKING',
  '2025-01-18',
  '02:00 AM',
  '10:00 AM',
  'HSR BDA Complex (Carpool pickup)',
  12.9116,
  77.6389,
  'https://images.unsplash.com/photo-1464822759023-fed622ff2c3b?w=600',
  35,
  35,
  FALSE,
  500.00,
  '2024-12-05 00:00:00+00'
);

INSERT INTO public.events (
  id, community_id, title, description, category, date, time, end_time,
  location, latitude, longitude, image_url, max_participants, current_participants,
  is_free, price, created_at
) VALUES (
  'b0000001-0000-0000-0000-000000000006',
  'a0000001-0000-0000-0000-000000000003',
  'Nandi Hills Sunrise Trek',
  'Easy trek. Good for beginners. Breakfast at hilltop.',
  'TREKKING',
  '2025-01-19',
  '04:00 AM',
  '11:00 AM',
  'HSR BDA Complex (Carpool pickup)',
  12.9116,
  77.6389,
  'https://images.unsplash.com/photo-1551632811-561732d1e306?w=600',
  40,
  28,
  FALSE,
  350.00,
  '2024-12-06 00:00:00+00'
);

INSERT INTO public.events (
  id, community_id, title, description, category, date, time, end_time,
  location, latitude, longitude, image_url, max_participants, current_participants,
  is_free, price, created_at
) VALUES (
  'b0000001-0000-0000-0000-000000000007',
  'a0000001-0000-0000-0000-000000000004',
  'Weekend Century Ride',
  '100km ride to Nandi Hills and back. Average speed 25kmph. Carry enough water.',
  'CYCLING',
  '2025-01-12',
  '05:00 AM',
  '11:00 AM',
  'Sony World Junction, Koramangala',
  12.9352,
  77.6245,
  'https://images.unsplash.com/photo-1541625602330-2277a4c46182?w=600',
  20,
  16,
  TRUE,
  NULL,
  '2024-12-07 00:00:00+00'
);

INSERT INTO public.events (
  id, community_id, title, description, category, date, time, end_time,
  location, latitude, longitude, image_url, max_participants, current_participants,
  is_free, price, created_at
) VALUES (
  'b0000001-0000-0000-0000-000000000008',
  'a0000001-0000-0000-0000-000000000005',
  'Saturday Morning Paddle',
  'Relaxed 1-hour kayaking session. Equipment provided. Beginners welcome.',
  'KAYAKING',
  '2025-01-11',
  '07:00 AM',
  '09:00 AM',
  'Ulsoor Lake Boating Point',
  12.9825,
  77.6200,
  'https://images.unsplash.com/photo-1544551763-46a013bb70d5?w=600',
  15,
  9,
  FALSE,
  200.00,
  '2024-12-08 00:00:00+00'
);

INSERT INTO public.events (
  id, community_id, title, description, category, date, time, end_time,
  location, latitude, longitude, image_url, max_participants, current_participants,
  is_free, price, created_at
) VALUES (
  'b0000001-0000-0000-0000-000000000009',
  'a0000001-0000-0000-0000-000000000006',
  'Sunday Sunrise Yoga',
  '75-minute Vinyasa flow session. All levels welcome.',
  'YOGA',
  '2025-01-12',
  '06:30 AM',
  '07:45 AM',
  'EPIP Zone Park, Whitefield',
  12.9698,
  77.7500,
  'https://images.unsplash.com/photo-1544367567-0f2fcb009e0b?w=600',
  30,
  22,
  TRUE,
  NULL,
  '2024-12-09 00:00:00+00'
);

-- ============================================
-- SEED INVITE CODES
-- ============================================

-- These invite codes will work immediately for testing
INSERT INTO public.invite_codes (
  id, code, community_id, created_by, max_uses, current_uses, expires_at, is_active, created_at
) VALUES (
  'c0000001-0000-0000-0000-000000000001',
  'CUBBON-RUNNERS-7X9K',
  'a0000001-0000-0000-0000-000000000001',
  'REPLACE_WITH_ADMIN_UUID',
  NULL,
  12,
  NULL,
  TRUE,
  '2024-01-01 00:00:00+00'
);

INSERT INTO public.invite_codes (
  id, code, community_id, created_by, max_uses, current_uses, expires_at, is_active, created_at
) VALUES (
  'c0000001-0000-0000-0000-000000000002',
  'HSR-TREK-2025',
  'a0000001-0000-0000-0000-000000000003',
  'REPLACE_WITH_ADMIN_UUID',
  50,
  23,
  '2025-12-31 23:59:59+00',
  TRUE,
  '2024-01-01 00:00:00+00'
);

INSERT INTO public.invite_codes (
  id, code, community_id, created_by, max_uses, current_uses, expires_at, is_active, created_at
) VALUES (
  'c0000001-0000-0000-0000-000000000003',
  'CALI-CREW-JOIN',
  'a0000001-0000-0000-0000-000000000002',
  'REPLACE_WITH_ADMIN_UUID',
  NULL,
  8,
  NULL,
  TRUE,
  '2024-01-01 00:00:00+00'
);

-- ============================================
-- SEED POSTS (Sample posts for communities)
-- ============================================

-- These will need to be run after you have users signed up
-- Replace 'REPLACE_WITH_ADMIN_UUID' with actual user UUID

INSERT INTO public.posts (
  id, community_id, author_id, content, image_url, likes_count, comments_count, created_at
) VALUES (
  'd0000001-0000-0000-0000-000000000001',
  'a0000001-0000-0000-0000-000000000001',
  'REPLACE_WITH_ADMIN_UUID',
  'Great turnout for today''s morning run! 🏃‍♂️ 45 people showed up despite the rain. Special thanks to everyone who made it. See you all on Sunday for the long run!',
  'https://images.unsplash.com/photo-1571008887538-b36bb32f4571?w=600',
  24,
  8,
  '2024-12-08 00:00:00+00'
);

INSERT INTO public.posts (
  id, community_id, author_id, content, image_url, likes_count, comments_count, created_at
) VALUES (
  'd0000001-0000-0000-0000-000000000002',
  'a0000001-0000-0000-0000-000000000001',
  'REPLACE_WITH_ADMIN_UUID',
  'Sunday long run route map attached. We''ll start from the bandstand, do 2 loops, and finish near the library. Water station at the halfway point. See you at 6 AM sharp!',
  'https://images.unsplash.com/photo-1552674605-db6ffd4facb5?w=600',
  38,
  12,
  '2024-12-07 00:00:00+00'
);

INSERT INTO public.posts (
  id, community_id, author_id, content, image_url, likes_count, comments_count, created_at
) VALUES (
  'd0000001-0000-0000-0000-000000000003',
  'a0000001-0000-0000-0000-000000000003',
  'REPLACE_WITH_ADMIN_UUID',
  '🏔️ Registrations open for Skandagiri night trek! Limited to 35 people. This will fill up fast - register now to secure your spot. Link in the events section.',
  'https://images.unsplash.com/photo-1464822759023-fed622ff2c3b?w=600',
  42,
  15,
  '2024-12-06 00:00:00+00'
);

INSERT INTO public.posts (
  id, community_id, author_id, content, image_url, likes_count, comments_count, created_at
) VALUES (
  'd0000001-0000-0000-0000-000000000004',
  'a0000001-0000-0000-0000-000000000002',
  'REPLACE_WITH_ADMIN_UUID',
  'Monthly challenge results are in! 💪 Congratulations to everyone who participated. New records set for pull-ups and planks. Full leaderboard in comments.',
  NULL,
  56,
  23,
  '2024-12-05 00:00:00+00'
);

INSERT INTO public.posts (
  id, community_id, author_id, content, image_url, likes_count, comments_count, created_at
) VALUES (
  'd0000001-0000-0000-0000-000000000005',
  'a0000001-0000-0000-0000-000000000004',
  'REPLACE_WITH_ADMIN_UUID',
  'Century ride this weekend! 🚴 Route: Koramangala → Nandi Hills → Back. 100km total. Average pace 25kmph. Make sure your bike is serviced. Helmet mandatory!',
  'https://images.unsplash.com/photo-1541625602330-2277a4c46182?w=600',
  31,
  9,
  '2024-12-04 00:00:00+00'
);

-- ============================================
-- INSTRUCTIONS
-- ============================================

/*
HOW TO USE THIS SEED FILE:

1. First, sign up an admin user through your app or Supabase dashboard
2. Get the user's UUID from Supabase dashboard:
   - Go to Authentication → Users
   - Copy the user ID

3. Replace all instances of 'REPLACE_WITH_ADMIN_UUID' with the actual UUID:
   - In your SQL editor, run:
     SELECT uuid_replace('REPLACE_WITH_ADMIN_UUID', 'your-actual-uuid');

   Or manually find and replace in this file.

4. Run this seed file in Supabase SQL Editor

5. Verify the data:
   SELECT * FROM communities;
   SELECT * FROM events;
   SELECT * FROM invite_codes;
   SELECT * FROM posts;

TEST INVITE CODES:
- CUBBON-RUNNERS-7X9K (unlimited uses)
- HSR-TREK-2025 (50 uses, expires Dec 31, 2025)
- CALI-CREW-JOIN (unlimited uses)
*/